fridge_1.jpg	Fridge
fridge_2.jpg	Fridge
fridge_3.jpg	Fridge
fridge_4.jpg	Fridge
fridge_5.jpg	Fridge
fridge_6.jpg	Fridge
fridge_7.jpg	Fridge
fridge_8.jpg	Fridge
vault_1.jpg	Vault
vault_2.jpg	Vault
vault_3.jpg	Vault
vault_4.jpg	Vault
vault_5.jpg	Vault
fridge_ui_1.jpg	FridgeUI
fridge_ui_2.jpg	FridgeUI
fridge_ui_3.jpg	FridgeUI
fridge_ui_4.jpg	FridgeUI
fridge_ui_5.jpg	FridgeUI
fridge_ui_6.jpg	FridgeUI
fridge_ui_7.jpg	FridgeUI
fridge_ui_8.jpg	FridgeUI
vault_ui_1.jpg	VaultUI
vault_ui_2.jpg	VaultUI
vault_ui_3.jpg	VaultUI
vault_ui_4.jpg	VaultUI
vault_ui_5.jpg	VaultUI
bed_1.jpg	Bed
bed_2.jpg	Bed
bed_3.jpg	Bed
bed_4.jpg	Bed
bed_5.jpg	Bed
bed_ui_1.jpg	BedUI
bed_ui_2.jpg	BedUI
bed_ui_3.jpg	BedUI
bed_ui_4.jpg	BedUI
bed_ui_5.jpg	BedUI