velo_1.jpg	Velonasaur
velo_2.jpg	Velonasaur
velo_3.jpg	Velonasaur
velo_4.jpg	Velonasaur
velo_5.jpg	Velonasaur
velo_6.jpg	Velonasaur
spino_1.jpg	Spino
spino_2.jpg	Spino
spino_3.jpg	Spino
spino_4.jpg	Spino
spino_5.jpg	Spino
spino_6.jpg	Spino
spino_7.jpg	Spino
spino_8.jpg	Spino
spino_9.jpg	Spino
spino_10.jpg	Spino
spino_11.jpg	Spino
spino_12.jpg	Spino
spino_13.jpg	Spino
spino_14.jpg	Spino
spino_15.jpg	Spino
spino_16.jpg	Spino
spino_17.jpg	Spino
spino_18.jpg	Spino
spino_19.jpg	Spino
spino_20.jpg	Spino
spino_21.jpg	Spino
spino_22.jpg	Spino
spino_23.jpg	Spino
spino_24.jpg	Spino
spino_25.jpg	Spino
spino_26.jpg	Spino
spino_27.jpg	Spino
spino_28.jpg	Spino
spino_29.jpg	Spino
spino_30.jpg	Spino
spino_31.jpg	Spino
spino_32.jpg	Spino
spino_33.jpg	Spino
spino_34.jpg	Spino
spino_35.jpg	Spino
spino_36.jpg	Spino